id,Name,Slug,Collection_ID,Item_ID,Created_On,Updated_On,Published_On,Post_Body,Post_Summary,Main_Image,Thumbnail_Image,Featured,Color,Meta_Title,Meta_Description,Image_Alt_Text,Tag,Reading_Time
1,The Complete Handbook to Understanding and Analyzing Customer Behavior,,,,,,,"<h2>Introduction</h2>
<p>Customer behavior analysis is a crucial aspect of understanding the needs and preferences of consumers. By delving into the factors that influence customer behavior, businesses can gain valuable insights to enhance their marketing strategies and improve customer satisfaction. In this comprehensive guide, we will explore the various methods of customer behavior analysis and the benefits it offers to businesses.</p>
<ul>
<li>In this article, we will cover:<ul>
<li>Definition of customer behavior analysis</li>
<li>Importance of understanding customer behavior</li>
<li>Factors influencing customer behavior</li>
<li>The customer decision-making process</li>
<li>Methods of customer behavior analysis</li>
<li>Benefits of customer behavior analysis</li>
<li>Challenges of customer behavior analysis</li>
<li>Future trends in customer behavior analysis</li>
</ul>
</li>
</ul>
<h2>Understanding Customer Behavior</h2>
<p>Understanding customer behavior involves examining the various factors that influence consumers' purchasing decisions. These factors can be categorized into psychological, social, and personal factors. For example, psychological factors may include perception, motivation, and learning, while social factors encompass family, reference groups, and social roles. Personal factors, on the other hand, may include age, occupation, and lifestyle. By understanding these factors, businesses can tailor their marketing strategies to resonate with their target audience.</p>
<p>The customer decision-making process is another crucial aspect of understanding customer behavior. This process typically involves five stages: need recognition, information search, evaluation of alternatives, purchase decision, and post-purchase behavior. For instance, a consumer may recognize the need for a new smartphone, conduct research on various models, compare their features, make a purchase, and then provide feedback on their experience. By analyzing each stage of this process, businesses can gain valuable insights into consumer behavior.</p>
<h2>Methods of Customer Behavior Analysis</h2>
<p>Businesses employ various methods to analyze customer behavior, including surveys and questionnaires, observational research, customer feedback and reviews, and data analysis and predictive modeling. Surveys and questionnaires allow businesses to gather direct feedback from customers, while observational research involves observing and recording consumer behavior in natural settings. Customer feedback and reviews provide valuable insights into customer satisfaction and preferences, while data analysis and predictive modeling enable businesses to make data-driven decisions based on consumer behavior patterns.</p>
<ol>
<li>
<p>Surveys and Questionnaires
   Surveys and questionnaires are tools used to gather feedback from customers. For example, a business may conduct a survey to understand customer satisfaction levels or gather insights on product preferences. By analyzing the responses, businesses can identify trends and patterns in customer behavior.</p>
</li>
<li>
<p>Observational Research
   Observational research involves observing and recording consumer behavior in natural settings. For instance, a retail store may use video cameras to monitor how customers navigate through the store and interact with products. This data can provide valuable insights into consumer behavior.</p>
</li>
<li>
<p>Customer Feedback and Reviews
   Customer feedback and reviews, whether collected through online platforms or in-store interactions, offer businesses a glimpse into customer satisfaction and preferences. By analyzing this feedback, businesses can identify areas for improvement and tailor their offerings to meet customer needs.</p>
</li>
<li>
<p>Data Analysis and Predictive Modeling
   Data analysis and predictive modeling involve using advanced analytics to identify patterns and trends in consumer behavior. By leveraging data from various sources, businesses can make informed decisions to optimize their marketing strategies and product offerings.</p>
</li>
</ol>
<h2>Benefits of Customer Behavior Analysis</h2>
<p>Customer behavior analysis offers a myriad of benefits to businesses, including improved customer satisfaction, enhanced marketing strategies, better product development, and increased customer retention and loyalty. By understanding customer behavior, businesses can tailor their offerings to meet customer needs, resulting in higher satisfaction levels and increased brand loyalty. Additionally, analyzing customer behavior enables businesses to optimize their marketing strategies and develop products that resonate with their target audience.</p>
<h2>Challenges of Customer Behavior Analysis</h2>
<p>While customer behavior analysis provides valuable insights, businesses also face challenges in this process. Data privacy concerns, the complexity of customer behavior, and changing consumer trends are some of the challenges that businesses encounter. For example, businesses must navigate the ethical considerations of collecting and analyzing customer data while also adapting to the ever-changing landscape of consumer behavior.</p>
<h2>Conclusion</h2>
<p>In conclusion, customer behavior analysis is a critical aspect of understanding consumer needs and preferences. By delving into the various factors that influence customer behavior and employing effective analysis methods, businesses can gain valuable insights to enhance their marketing strategies and improve customer satisfaction. As consumer behavior continues to evolve, businesses must stay attuned to these changes and adapt their strategies accordingly.</p>
<p>For more informative content on consumer behavior and marketing strategies, check out our other blogs:
* <a href=""https://www.abconvert.io/blog/beginners-guide-to-a-b-testing"">Beginner's Guide to A/B Testing</a>
* <a href=""https://www.abconvert.io/blog/the-psychology-of-online-shopping-understanding-consumer-behavior"">The Psychology of Online Shopping: Understanding Consumer Behavior</a>
* <a href=""https://www.abconvert.io/blog/enhancing-e-commerce-success-a-comprehensive-guide-to-a-b-testing-for-conversion-rate-optimization"">Enhancing E-commerce Success: A Comprehensive Guide to A/B Testing for Conversion Rate Optimization</a></p>","This article delves into the world of customer behavior analysis, covering its definition, importance, methods, benefits, challenges, and future trends. It emphasizes the need for businesses to understand and adapt to evolving consumer behavior for success.",https://oaidalleapiprodscus.blob.core.windows.net/private/org-XsbS2SJ0y6rGde6yJBagVpWT/user-A4WpGwDF6YUHHn0rJoaDsjhh/img-1jn3Wl9a5a507oMAejEGNZDm.png?st=2024-03-03T04%3A55%3A37Z&se=2024-03-03T06%3A55%3A37Z&sp=r&sv=2021-08-06&sr=b&rscd=inline&rsct=image/png&skoid=6aaadede-4fb3-4698-a8f6-684d7786b067&sktid=a48cca56-e6da-484e-a814-9c849652bcb3&skt=2024-03-02T14%3A37%3A31Z&ske=2024-03-03T14%3A37%3A31Z&sks=b&skv=2021-08-06&sig=1P3gWyBMyHUsU7rdgLqYhPA/zYNG1mqEMpPVT0QmHfc%3D,https://oaidalleapiprodscus.blob.core.windows.net/private/org-XsbS2SJ0y6rGde6yJBagVpWT/user-A4WpGwDF6YUHHn0rJoaDsjhh/img-1jn3Wl9a5a507oMAejEGNZDm.png?st=2024-03-03T04%3A55%3A37Z&se=2024-03-03T06%3A55%3A37Z&sp=r&sv=2021-08-06&sr=b&rscd=inline&rsct=image/png&skoid=6aaadede-4fb3-4698-a8f6-684d7786b067&sktid=a48cca56-e6da-484e-a814-9c849652bcb3&skt=2024-03-02T14%3A37%3A31Z&ske=2024-03-03T14%3A37%3A31Z&sks=b&skv=2021-08-06&sig=1P3gWyBMyHUsU7rdgLqYhPA/zYNG1mqEMpPVT0QmHfc%3D,0,,Customer Behavior Analysis: The Ultimate Guide to Understanding and Analyzing Customer Behavior,"Discover the importance of customer behavior analysis in understanding consumer needs and enhancing marketing strategies. Learn methods, benefits, and challenges here!","Image alt text: ""Comprehensive guide to customer behavior analysis, covering definition, factors, methods, benefits, challenges, and future trends.",Consumer Behavior,3 mins
2,The Role of Testing Ideas in Online Business Growth: Best Practices and Real-life Examples,,,,,,,"<h2>Importance of Improving Online Business Performance</h2>
<p>In today's digital age, having a strong online presence is crucial for businesses to succeed. For e-commerce merchants, this means optimizing their websites to improve conversion rates and drive sales. This is where the role of testing ideas comes into play. By testing hypotheses and analyzing data, businesses can make informed decisions to enhance their online performance.</p>
<h2>Understanding the Concept of Testing Ideas</h2>
<p>Testing ideas involves formulating hypotheses and conducting experiments to validate them. In the context of e-commerce, this means identifying areas for improvement on a website and creating hypotheses to address these issues. For example, a hypothesis could be that changing the color of a call-to-action button will increase the click-through rate. By testing this hypothesis, businesses can gather data to support or refute their ideas.</p>
<ul>
<li>Unordered lists or Ordered list within the main sections or subsection:<ul>
<li>Formulating hypotheses based on data</li>
<li>Conducting experiments to test hypotheses</li>
<li>Analyzing data to make informed decisions</li>
</ul>
</li>
</ul>
<h2>Steps to Use Testing Ideas for Online Business Growth</h2>
<ol>
<li>Collecting Data and Identifying Areas for Improvement</li>
<li>Businesses need to gather data on user behavior, website performance, and sales metrics to identify areas that need improvement.</li>
<li>
<p>For example, analyzing website traffic and user engagement can help identify pages with high bounce rates or low conversion rates.</p>
</li>
<li>
<p>Formulating a Hypothesis Based on the Data</p>
</li>
<li>Once areas for improvement are identified, businesses can create hypotheses to address these issues.</li>
<li>
<p>For instance, a hypothesis could be that simplifying the checkout process will reduce cart abandonment rates.</p>
</li>
<li>
<p>Testing the Hypothesis Through Experiments</p>
</li>
<li>Businesses can conduct A/B testing or other experiments to test their hypotheses.</li>
<li>
<p>For example, they can create two versions of a webpage with different checkout processes and measure the impact on conversion rates.</p>
</li>
<li>
<p>Analyzing the Results and Making Data-Driven Decisions</p>
</li>
<li>After conducting experiments, businesses need to analyze the results to determine the effectiveness of their hypotheses.</li>
<li>For instance, they can compare conversion rates, bounce rates, and other metrics to make data-driven decisions.</li>
</ol>
<h2>Examples of Testing Ideas in Action</h2>
<p>Case studies of e-commerce websites using testing ideas to optimize their performance can provide valuable insights. By examining real-life examples, businesses can learn from successful strategies and apply them to their own websites.</p>
<ul>
<li>Unordered lists or Ordered list within the main sections or subsection:<ul>
<li>Case studies of e-commerce websites using testing ideas</li>
<li>Results and impact of using testing ideas for online business growth</li>
</ul>
</li>
</ul>
<h2>Best Practices for Using Testing Ideas</h2>
<p>To effectively use testing ideas for online business growth, businesses should follow best practices to ensure the success of their experiments.</p>
<ol>
<li>Tips for Formulating Effective Hypotheses</li>
<li>Businesses should ensure that their hypotheses are specific, measurable, and actionable.</li>
<li>
<p>For example, a hypothesis should clearly state the expected outcome and the metrics used to measure success.</p>
</li>
<li>
<p>Common Pitfalls to Avoid When Using Testing Ideas</p>
</li>
<li>Businesses should be aware of common pitfalls, such as drawing premature conclusions from limited data.</li>
<li>For instance, making decisions based on inconclusive results can lead to ineffective strategies.</li>
</ol>
<h2>Conclusion</h2>
<p>In conclusion, testing ideas plays a crucial role in the growth of online businesses. By formulating hypotheses, conducting experiments, and analyzing data, businesses can make informed decisions to optimize their websites and drive sales. It is essential for e-commerce merchants to incorporate testing ideas into their optimization strategies to stay competitive in the digital marketplace.</p>
<p>For more information on optimizing your online business, check out our other blogs:
- <a href=""https://www.abconvert.io/blog/beginners-guide-to-a-b-testing"">Beginner's Guide to A/B Testing</a>
- <a href=""https://www.abconvert.io/blog/mastering-price-testing-in-e-commerce-with-the-ice-framework"">Mastering Price Testing in E-commerce with the ICE Framework</a>
- <a href=""https://www.abconvert.io/blog/understanding-split-testing-a-comparative-look-with-a-b-testing"">Understanding Split Testing: A Comparative Look with A/B Testing</a></p>","Learn how testing ideas can enhance your e-commerce website's performance. Discover steps, examples, and best practices for optimizing your site, driving sales, and making informed decisions. Explore A/B testing, price testing, and split testing resources.",https://oaidalleapiprodscus.blob.core.windows.net/private/org-XsbS2SJ0y6rGde6yJBagVpWT/user-A4WpGwDF6YUHHn0rJoaDsjhh/img-6Oui8NiN16THTXhryKj8CMR9.png?st=2024-03-03T04%3A58%3A50Z&se=2024-03-03T06%3A58%3A50Z&sp=r&sv=2021-08-06&sr=b&rscd=inline&rsct=image/png&skoid=6aaadede-4fb3-4698-a8f6-684d7786b067&sktid=a48cca56-e6da-484e-a814-9c849652bcb3&skt=2024-03-02T17%3A55%3A12Z&ske=2024-03-03T17%3A55%3A12Z&sks=b&skv=2021-08-06&sig=LKJeARPccWbDSW7B31ihzCNqi40/ZDYmDdcD9CNYdSs%3D,https://oaidalleapiprodscus.blob.core.windows.net/private/org-XsbS2SJ0y6rGde6yJBagVpWT/user-A4WpGwDF6YUHHn0rJoaDsjhh/img-6Oui8NiN16THTXhryKj8CMR9.png?st=2024-03-03T04%3A58%3A50Z&se=2024-03-03T06%3A58%3A50Z&sp=r&sv=2021-08-06&sr=b&rscd=inline&rsct=image/png&skoid=6aaadede-4fb3-4698-a8f6-684d7786b067&sktid=a48cca56-e6da-484e-a814-9c849652bcb3&skt=2024-03-02T17%3A55%3A12Z&ske=2024-03-03T17%3A55%3A12Z&sks=b&skv=2021-08-06&sig=LKJeARPccWbDSW7B31ihzCNqi40/ZDYmDdcD9CNYdSs%3D,0,,Testing Hypotheses in Ecommerce: Best Practices and Real-life Examples,Improve your online business performance with hypotheses in ecommerce. Learn how testing ideas can drive sales and optimize your website. Take action now!,"Image alt text: ""Illustration of testing ideas for e-commerce websites to improve online business performance and drive sales",Conversion Optimization,3 mins
3,The Complete Guide to Crafting Effective A/B Test Hypotheses for Marketing and Website Enhancement,,,,,,,"<h2>Introduction</h2>
<p>A/B testing is a crucial tool for marketers and website optimizers to measure the effectiveness of different elements and make data-driven decisions. One of the key components of successful A/B testing is the formulation of clear and specific hypotheses. In this article, we will explore the importance of A/B testing in marketing and website optimization, the role of hypotheses in driving data-driven decision making, and the process of creating effective A/B test hypotheses.</p>
<ul>
<li>In this article, we will cover:<ul>
<li>The significance of A/B testing in marketing and website optimization</li>
<li>The role of well-defined hypotheses in A/B testing</li>
<li>Understanding A/B testing</li>
<li>Forming an effective A/B test hypothesis</li>
<li>Examples of effective A/B test hypotheses</li>
<li>Conclusion and encouragement for prioritizing hypothesis formulation in A/B testing</li>
</ul>
</li>
</ul>
<h2>Understanding A/B Testing</h2>
<p>A/B testing, also known as split testing, is a method of comparing two versions of a webpage or app against each other to determine which one performs better. The purpose of A/B testing is to identify changes that increase an outcome of interest. This could be anything from clicks to purchases. A/B testing allows marketers and website optimizers to make informed decisions based on real data, rather than assumptions or guesswork. It provides valuable insights into user behavior and preferences, leading to improved marketing strategies and website performance.</p>
<h2>Forming an Effective A/B Test Hypothesis</h2>
<h3>Defining the Problem or Opportunity</h3>
<p>Before conducting an A/B test, it is essential to clearly define the problem or opportunity that you want to address. This could be related to low conversion rates, high bounce rates, or any other aspect of user interaction that needs improvement. For example, if the goal is to increase the click-through rate on a specific call-to-action button, the problem could be defined as ""low engagement with the current button design.""</p>
<h3>Identifying the Variables to be Tested</h3>
<p>Once the problem or opportunity is defined, the next step is to identify the variables that will be tested. These variables could include different colors, text, placement, or any other element that could potentially impact the desired outcome. For instance, in the case of testing a call-to-action button, variables could include color, size, and placement on the webpage.</p>
<h3>Creating a Clear and Specific Hypothesis Statement</h3>
<p>A well-defined hypothesis statement is crucial for the success of an A/B test. It should clearly state the expected outcome of the test and the specific changes being made. For example, ""Changing the color of the call-to-action button from green to red will result in a 20% increase in click-through rates.""</p>
<h3>Ensuring the Hypothesis is Measurable and Actionable</h3>
<p>An effective A/B test hypothesis should be measurable, meaning that the expected outcome can be quantified and tracked. It should also be actionable, meaning that the changes being tested can be implemented based on the results of the test. This ensures that the hypothesis is practical and can lead to actionable insights.</p>
<h3>Considering the Impact on Key Performance Indicators (KPIs)</h3>
<p>When formulating an A/B test hypothesis, it is important to consider the impact on key performance indicators (KPIs). These could include metrics such as conversion rates, bounce rates, click-through rates, and other relevant measures of success. The hypothesis should be aligned with the overall goals and KPIs of the marketing or website optimization strategy.</p>
<h2>Examples of Effective A/B Test Hypotheses</h2>
<h3>Example 1: Testing the Impact of a Call-to-Action Button Color on Conversion Rates</h3>
<p>In this example, the hypothesis could be ""Changing the color of the call-to-action button from blue to orange will result in a 15% increase in conversion rates."" This hypothesis is specific, measurable, and actionable, and it directly addresses the problem of low conversion rates.</p>
<h3>Example 2: Testing the Effectiveness of Different Headline Variations on Click-Through Rates</h3>
<p>For this hypothesis, it could be ""Using a question-based headline will result in a 10% increase in click-through rates compared to a statement-based headline."" This hypothesis focuses on testing the impact of headline variations on user engagement and is aligned with the goal of improving click-through rates.</p>
<h3>Example 3: Testing the Influence of Product Image Placement on Purchase Behavior</h3>
<p>In this scenario, the hypothesis might be ""Moving the product images above the fold will lead to a 25% increase in purchase behavior."" This hypothesis addresses the opportunity to enhance purchase behavior by testing the impact of product image placement.</p>
<h2>Conclusion</h2>
<p>In conclusion, the formulation of effective A/B test hypotheses is a critical step in the process of A/B testing for marketing and website optimization. Clear and specific hypotheses enable marketers and website optimizers to make informed decisions based on real data, leading to improved user engagement, conversion rates, and overall performance. By prioritizing hypothesis formulation, businesses can drive data-driven decision making and achieve greater success in their marketing and website enhancement efforts.</p>
<p>For more information on A/B testing and marketing optimization, check out our other related articles:
* <a href=""https://www.abconvert.io/blog/beginners-guide-to-a-b-testing"">Beginner's Guide to A/B Testing</a>
* <a href=""https://www.abconvert.io/blog/enhancing-e-commerce-success-a-comprehensive-guide-to-a-b-testing-for-conversion-rate-optimization"">Enhancing E-commerce Success: A Comprehensive Guide to A/B Testing for Conversion Rate Optimization</a>
* <a href=""https://www.abconvert.io/blog/mastering-price-testing-in-e-commerce-with-the-ice-framework"">Mastering Price Testing in E-commerce with the ICE Framework</a></p>
<p>Remember, effective A/B test hypotheses are the foundation of successful A/B testing, and they play a crucial role in driving meaningful improvements in marketing and website optimization strategies.</p>",Learn how to create impactful A/B test hypotheses for marketing and website improvement. Discover the importance of data-driven decisions and how to craft clear hypotheses for successful A/B testing.,https://oaidalleapiprodscus.blob.core.windows.net/private/org-XsbS2SJ0y6rGde6yJBagVpWT/user-A4WpGwDF6YUHHn0rJoaDsjhh/img-B71tInAu2YF2nKd8ywKfahOi.png?st=2024-03-03T04%3A59%3A40Z&se=2024-03-03T06%3A59%3A40Z&sp=r&sv=2021-08-06&sr=b&rscd=inline&rsct=image/png&skoid=6aaadede-4fb3-4698-a8f6-684d7786b067&sktid=a48cca56-e6da-484e-a814-9c849652bcb3&skt=2024-03-02T16%3A44%3A35Z&ske=2024-03-03T16%3A44%3A35Z&sks=b&skv=2021-08-06&sig=R6J0Nuoa/ea%2B6PGjcrIDeDTFdRdPcX%2Bq9yRX91u2AdY%3D,https://oaidalleapiprodscus.blob.core.windows.net/private/org-XsbS2SJ0y6rGde6yJBagVpWT/user-A4WpGwDF6YUHHn0rJoaDsjhh/img-B71tInAu2YF2nKd8ywKfahOi.png?st=2024-03-03T04%3A59%3A40Z&se=2024-03-03T06%3A59%3A40Z&sp=r&sv=2021-08-06&sr=b&rscd=inline&rsct=image/png&skoid=6aaadede-4fb3-4698-a8f6-684d7786b067&sktid=a48cca56-e6da-484e-a814-9c849652bcb3&skt=2024-03-02T16%3A44%3A35Z&ske=2024-03-03T16%3A44%3A35Z&sks=b&skv=2021-08-06&sig=R6J0Nuoa/ea%2B6PGjcrIDeDTFdRdPcX%2Bq9yRX91u2AdY%3D,0,,Crafting Effective A/B Test Hypotheses for Marketing Success,Learn how to create effective A/B test hypotheses to drive data-driven decisions in marketing and website optimization. Prioritize hypothesis formulation for success!,"Image alt text: ""Guide to crafting effective A/B test hypotheses for marketing and website enhancement, emphasizing data-driven decisions and clear hypotheses.",A/B Testing,4 mins
4,Mastering the Art of Crafting a Marketing Hypothesis: A Step-by-Step Guide,,,,,,,"<h2>Introduction</h2>
<p>A marketing hypothesis is a crucial element in the world of marketing research and experimentation. It serves as the foundation for testing and validating various marketing strategies and tactics. In this article, we will explore the characteristics of a good hypothesis, the steps to writing a hypothesis, examples of hypotheses, common mistakes to avoid, and the importance of a well-written marketing hypothesis.</p>
<ul>
<li>In this article, we will delve into the world of marketing hypotheses and provide a comprehensive guide on how to craft an effective and testable hypothesis.</li>
</ul>
<h2>Characteristics of a Good Hypothesis</h2>
<h3>Testable</h3>
<p>A good marketing hypothesis must be testable, meaning that it can be proven or disproven through experimentation and data analysis. For example, a hypothesis such as ""Increasing the frequency of social media posts will lead to a higher engagement rate"" is testable because it can be measured and analyzed.</p>
<h3>Specific</h3>
<p>A well-crafted marketing hypothesis should be specific and focused on a particular aspect of marketing. It should clearly define the variables and the expected outcomes. For instance, a specific hypothesis could be ""Offering a 20% discount on the next purchase will result in a 15% increase in sales.""</p>
<h3>Clear and Concise</h3>
<p>Clarity and conciseness are essential in a marketing hypothesis. It should be easy to understand and articulate, leaving no room for ambiguity or confusion. A clear and concise hypothesis enables researchers to conduct experiments effectively and draw accurate conclusions.</p>
<h3>Based on Existing Knowledge</h3>
<p>A good marketing hypothesis should be grounded in existing knowledge and research. It should build upon established theories and findings in the field of marketing, providing a logical and informed basis for experimentation.</p>
<h3>Falsifiable</h3>
<p>A falsifiable hypothesis is one that can be proven false through experimentation. This is an important characteristic as it allows researchers to challenge and test the validity of the hypothesis, leading to more robust and reliable results.</p>
<h2>Steps to Writing a Hypothesis</h2>
<h3>Identify the Marketing Research Question</h3>
<p>Before crafting a hypothesis, it is essential to identify the specific marketing research question that the hypothesis aims to address. This question should be clear, relevant, and aligned with the objectives of the marketing study.</p>
<h3>Conduct Background Research in Marketing</h3>
<p>Thorough background research is crucial in understanding the existing knowledge and theories related to the marketing question. This step provides the necessary context and insights to formulate a well-informed hypothesis.</p>
<h3>Formulate a Clear Statement Related to Marketing</h3>
<p>Based on the research question and background information, formulate a clear and specific statement that outlines the relationship between the variables being studied in the marketing context.</p>
<h3>Make Predictions Specific to Marketing</h3>
<p>The hypothesis should include clear predictions about the expected outcomes of the marketing experiment. These predictions should be based on the existing knowledge and research findings, providing a logical basis for the hypothesis.</p>
<h3>Refine the Hypothesis in a Marketing Context</h3>
<p>Finally, refine the hypothesis to ensure that it is tailored to the specific marketing context and objectives of the study. This step involves fine-tuning the language and structure of the hypothesis to align with the marketing research goals.</p>
<h2>Examples of Hypotheses</h2>
<p>Crafting a marketing hypothesis can take various forms, depending on the nature of the marketing research and experimentation. Examples of hypotheses can range from scientific research to marketing experiments and A/B testing in website optimization.</p>
<h2>Common Mistakes to Avoid</h2>
<p>Crafting a marketing hypothesis is not without its challenges, and there are common mistakes that researchers should be mindful of. These include being too vague, making assumptions without evidence, overcomplicating the hypothesis, and failing to consider alternative explanations in marketing research.</p>
<h2>Conclusion</h2>
<p>In conclusion, a well-written marketing hypothesis is a fundamental component of effective marketing research and experimentation. By understanding the characteristics of a good hypothesis and following the steps outlined in this article, marketers can enhance the validity and reliability of their marketing studies. It is essential to apply the principles discussed here to drive informed decision-making and achieve meaningful insights in the field of marketing.</p>
<p>For more informative content on marketing research and experimentation, check out our other related blogs:
- <a href=""https://www.abconvert.io/blog/beginners-guide-to-a-b-testing"">Beginner's Guide to A/B Testing</a>
- <a href=""https://www.abconvert.io/blog/enhancing-e-commerce-success-a-comprehensive-guide-to-a-b-testing-for-conversion-rate-optimization"">Enhancing E-commerce Success: A Comprehensive Guide to A/B Testing for Conversion Rate Optimization</a>
- <a href=""https://www.abconvert.io/blog/the-ultimate-guide-to-optimizing-your-shopify-store-with-abconvert"">The Ultimate Guide to Optimizing Your Shopify Store with ABConvert</a></p>
<p>*Unordered lists or Ordered list within the main sections or subsection:
1. One
    - Explanation: This is an example of an ordered list item with an accompanying explanation. It provides a clear structure for presenting information.
2. Two
    - Explanation: The second item in the list demonstrates the use of sub-points to further elaborate on the main list item.
3. Three
    - Explanation: Each list item should be followed by a detailed explanation to ensure clarity and understanding.
* More
    - Explanation: The final item in the list serves as a summary or additional point related to the preceding list items.</p>
<p><strong>This is some basic, sample markdown.</strong></p>
<p>And <strong>bold</strong>, <em>italics</em>, and even <em>italics and later </em><em>bold</em>**. <a href=""https://markdowntohtml.com"">A link</a> to somewhere.</p>
<h2>H2. for main section</h2>
<h3>H3 for subsection within main section. The smallest level of heading</h3>
<h2>H2. for main section</h2>
<h3>H3 for subsection within main section. The smallest level of heading</h3>
<ul>
<li>Unordered lists or Ordered list within the main sections or subsection:</li>
<li>One</li>
<li>Two</li>
<li>Three</li>
<li>More</li>
</ul>
<p>And <strong>bold</strong>, <em>italics</em>, and even <em>italics and later </em><em>bold</em>**. <a href=""https://markdowntohtml.com"">A link</a> to somewhere.</p>
<p>Use all parts of <sample markdown>. Use the <outline> with the Focus keyword . Articles should include the h1, h2, h3 font size. where H1 is used for main title of the article and include the Focus keyword in <outline>. H2 are headings that break up the main sections of your content, add most keywords here, plan on around 3-5 of these H2s. H3 are break up and list individual points in the main sections, in the form of numbered lists or clarifying sections to an H2 heading, for <keywords></p>
<p><em>This article is written in a manner that is easily understandable by individuals at a 6th-grade reading level. It involves using simple language, short sentences, and clear explanations of any complex terms or concepts.</em></p>
<p>Each heading (formatted as '##' for H2 and '###' for H3) must be followed by at least eight sentences of relevant content. Additionally, for every ordered or unordered list in the article, there must be accompanying explanations and examples followed by at least five sentences for each list item, formatted in Markdown. The article must include at least one ordered (numbered) or unordered (bulleted) list. These lists should be formatted in Markdown (e.g., '* Item' for unordered lists, '1. Item' for ordered lists) and must appear under a heading formatted as either '##' (H2) or '###' (H3).</p>
<p><em>Do not mention any brand, services, or products. It is informative content. Create pictures to explain the ideas.</em></p>
<p>Include all of the following markdown formatting at least once:</p>
<p><sample markdown></p>
<p>This is some basic, sample markdown.
    # H1 for title
    ## H2. for main section
    ### H3 for subsection within main section. The smallest level of heading</p>
<pre><code>* Unordered lists or Ordered list within the main sections or subsection:
1. One
2. Two
3. Three
* More

And **bold**, *italics*, and even *italics and later **bold***. [A link](https://markdowntohtml.com) to somewhere.
</code></pre>
<p></sample markdown></p>
<p>Use the <outline> with the Focus keyword . Articles should include the h1, h2, h3 font size. where H1 is used for main title of the article and include the Focus keyword in <outline>. H2 are headings that break up the main sections of your content, add most keywords here, plan on around 3-5 of these H2s. H3 are break up and list individual points in the main sections, in the form of numbered lists or clarifying sections to an H2 heading, for <keywords></p>
<h2>Conclusion</h2>
<p>In conclusion, mastering the art of crafting a marketing hypothesis is a valuable skill for marketers and researchers alike. By understanding the characteristics of a good hypothesis, following the steps to writing a hypothesis, and being mindful of common mistakes to avoid, individuals can enhance the rigor and effectiveness of their marketing research and experimentation. It is essential to apply these principles to drive informed decision-making and achieve meaningful insights in the field of marketing.</p>
<p>For more informative content on marketing research and experimentation, check out our other related blogs:
- <a href=""https://www.abconvert.io/blog/the-ultimate-guide-to-optimizing-your-shopify-store-with-abconvert"">The Ultimate Guide to Optimizing Your Shopify Store with ABConvert</a>
- <a href=""https://www.abconvert.io/blog/understanding-split-testing-a-comparative-look-with-a-b-testing"">Understanding Split Testing: A Comparative Look with A/B Testing</a>
- <a href=""https://www.abconvert.io/blog/why-black-friday-is-the-best-day-for-price-testing"">Why Black Friday is the Best Day for Price Testing</a></p>
<p>*Unordered lists or Ordered list within the main sections or subsection:
1. One
    - Explanation: This is an example of an ordered list item with an accompanying explanation. It provides a clear structure for presenting information.
2. Two
    - Explanation: The second item in the list demonstrates the use of sub-points to further elaborate on the main list item.
3. Three
    - Explanation: Each list item should be followed by a detailed explanation to ensure clarity and understanding.
* More
    - Explanation: The final item in the list serves as a summary or additional point related to the preceding list items.</p>
<p><strong>This is some basic, sample markdown.</strong></p>
<p>And <strong>bold</strong>, <em>italics</em>, and even <em>italics and later </em><em>bold</em>**. <a href=""https://markdowntohtml.com"">A link</a> to somewhere.</p>","Learn how to craft a strong marketing hypothesis with this comprehensive guide. Discover the key characteristics, steps, examples, and common mistakes to avoid. Find out why a well-written hypothesis is crucial for successful marketing strategies.",https://oaidalleapiprodscus.blob.core.windows.net/private/org-XsbS2SJ0y6rGde6yJBagVpWT/user-A4WpGwDF6YUHHn0rJoaDsjhh/img-6xMXr4kkZtGW1EsRXHV3dFFO.png?st=2024-03-03T05%3A00%3A43Z&se=2024-03-03T07%3A00%3A43Z&sp=r&sv=2021-08-06&sr=b&rscd=inline&rsct=image/png&skoid=6aaadede-4fb3-4698-a8f6-684d7786b067&sktid=a48cca56-e6da-484e-a814-9c849652bcb3&skt=2024-03-02T19%3A39%3A47Z&ske=2024-03-03T19%3A39%3A47Z&sks=b&skv=2021-08-06&sig=wp9NxkUgRPOrEB8StvPApS5qJbJZ0IhPjS14kDhT8Rk%3D,https://oaidalleapiprodscus.blob.core.windows.net/private/org-XsbS2SJ0y6rGde6yJBagVpWT/user-A4WpGwDF6YUHHn0rJoaDsjhh/img-6xMXr4kkZtGW1EsRXHV3dFFO.png?st=2024-03-03T05%3A00%3A43Z&se=2024-03-03T07%3A00%3A43Z&sp=r&sv=2021-08-06&sr=b&rscd=inline&rsct=image/png&skoid=6aaadede-4fb3-4698-a8f6-684d7786b067&sktid=a48cca56-e6da-484e-a814-9c849652bcb3&skt=2024-03-02T19%3A39%3A47Z&ske=2024-03-03T19%3A39%3A47Z&sks=b&skv=2021-08-06&sig=wp9NxkUgRPOrEB8StvPApS5qJbJZ0IhPjS14kDhT8Rk%3D,0,,Crafting a Marketing Hypothesis: Step-by-Step Guide for Success,Discover the key elements of a marketing hypothesis and learn how to craft an effective one. Enhance your marketing research skills with our comprehensive guide!,"Image alt text: ""Guide to crafting a marketing hypothesis: characteristics, steps, examples, mistakes to avoid, importance emphasized.",Marketing Research,6 mins
5,Understanding the Importance of Statistical Significance,,,,,,,"<h2>Introduction</h2>
<p>Statistical significance is a crucial concept in the field of data analysis and research. It helps us determine whether the results of a study are reliable and meaningful. Understanding the forces behind statistical significance is essential for making informed decisions based on data. In this article, we will explore the role of sample size, effect size, and practical significance in determining statistical significance.</p>
<ul>
<li>In this article, we will cover the following topics:<ul>
<li>Definition of statistical significance</li>
<li>Importance of understanding the forces behind statistical significance</li>
<li>The impact of sample size on statistical significance</li>
<li>The relationship between effect size and statistical significance</li>
<li>The impact of variability on statistical significance</li>
<li>The definition of practical significance</li>
<li>The importance of considering practical significance alongside statistical significance</li>
<li>Recap of the forces behind statistical significance</li>
<li>Importance of considering all factors when interpreting statistical significance</li>
</ul>
</li>
</ul>
<h2>The Role of Sample Size</h2>
<p>Sample size plays a crucial role in determining the statistical significance of a study. A larger sample size generally leads to more reliable results, as it reduces the margin of error. For example, if we are conducting a survey to determine the average height of students in a school, a larger sample size will provide a more accurate estimate of the average height.</p>
<ol>
<li>
<p>Impact of sample size on statistical significance
   A larger sample size increases the likelihood of detecting a true effect if it exists. For instance, in a clinical trial, a larger sample size increases the chances of identifying the effectiveness of a new drug.</p>
</li>
<li>
<p>Examples of how sample size affects statistical significance
   For instance, in a political poll, a larger sample size will provide a more accurate prediction of the election outcome.</p>
</li>
</ol>
<h2>Effect Size</h2>
<p>Effect size measures the strength of the relationship between two variables in a study. It is an important consideration in addition to statistical significance, as it provides a more comprehensive understanding of the results. For example, in a study comparing the effectiveness of two teaching methods, effect size helps us determine the practical significance of the difference in outcomes.</p>
<ol>
<li>
<p>Definition of effect size
   Effect size quantifies the magnitude of the difference between groups or the strength of the relationship between variables.</p>
</li>
<li>
<p>Relationship between effect size and statistical significance
   While statistical significance indicates whether an effect exists, effect size provides information about the magnitude of the effect.</p>
</li>
<li>
<p>Importance of considering effect size in addition to statistical significance
   Effect size helps researchers and decision-makers understand the practical implications of the results beyond mere statistical significance.</p>
</li>
</ol>
<h2>Variability and Standard Deviation</h2>
<p>Variability refers to the extent to which data points in a study differ from the mean. It has a direct impact on the statistical significance of the results. Understanding standard deviation, a measure of variability, is crucial for interpreting statistical significance accurately.</p>
<ol>
<li>
<p>Impact of variability on statistical significance
   Higher variability in the data makes it more challenging to detect a significant effect, as the data points are spread out.</p>
</li>
<li>
<p>Importance of understanding standard deviation in relation to statistical significance
   Standard deviation provides a measure of the dispersion of data points around the mean, which is essential for assessing statistical significance.</p>
</li>
</ol>
<h2>Practical Significance</h2>
<p>Practical significance refers to the real-world implications of the results of a study. While statistical significance indicates whether an effect exists, practical significance helps us understand the meaningfulness of the effect in a practical context.</p>
<ol>
<li>
<p>Definition of practical significance
   Practical significance focuses on the real-world implications of the results, beyond mere statistical significance.</p>
</li>
<li>
<p>Importance of considering practical significance alongside statistical significance
   Considering practical significance alongside statistical significance ensures that decisions and actions are based on meaningful and relevant findings.</p>
</li>
</ol>
<h2>Conclusion</h2>
<p>In conclusion, understanding statistical significance involves considering various factors such as sample size, effect size, variability, and practical significance. By taking all these factors into account, researchers and decision-makers can make informed and meaningful interpretations of study results.</p>
<p>For more information on statistical significance and data analysis, check out our other informative articles on our website.</p>
<ul>
<li>Unordered lists or Ordered list within the main sections or subsection:<ul>
<li>One<ul>
<li>This is an example of an unordered list item with an explanation.</li>
<li>It helps break down the content into smaller, more digestible pieces.</li>
<li>This makes it easier for readers to follow along and understand the information.</li>
<li>The use of lists also helps to organize the content in a structured manner.</li>
<li>Overall, lists are a helpful tool for presenting information in a clear and concise way.</li>
</ul>
</li>
<li>Two<ul>
<li>This is another example of an unordered list item with an explanation.</li>
<li>Lists can be used to highlight key points or concepts within the content.</li>
<li>They provide a visual break in the text, making it easier for readers to engage with the material.</li>
<li>Lists also help to emphasize important information and draw attention to specific details.</li>
<li>In summary, lists are a valuable formatting tool for enhancing the readability of the content.</li>
</ul>
</li>
<li>Three<ul>
<li>This is a final example of an unordered list item with an explanation.</li>
<li>Lists can be used to summarize information in a concise and organized manner.</li>
<li>They allow for the presentation of complex ideas in a simplified format.</li>
<li>Lists also aid in the retention of information by breaking it down into manageable chunks.</li>
<li>Overall, lists are an effective way to enhance the overall structure and readability of the content.</li>
</ul>
</li>
</ul>
</li>
</ul>
<p>And <strong>bold</strong>, <em>italics</em>, and even <em>italics and later </em><em>bold</em>**. <a href=""https://markdowntohtml.com"">A link</a> to somewhere.</p>","Learn about the significance of statistical significance in data analysis and research, including sample size, effect size, variability, and practical significance. Discover how considering these factors can lead to informed decision-making.",https://oaidalleapiprodscus.blob.core.windows.net/private/org-XsbS2SJ0y6rGde6yJBagVpWT/user-A4WpGwDF6YUHHn0rJoaDsjhh/img-yasFL1RuUSNlgGoR3QWPbhyy.png?st=2024-03-03T05%3A01%3A27Z&se=2024-03-03T07%3A01%3A27Z&sp=r&sv=2021-08-06&sr=b&rscd=inline&rsct=image/png&skoid=6aaadede-4fb3-4698-a8f6-684d7786b067&sktid=a48cca56-e6da-484e-a814-9c849652bcb3&skt=2024-03-02T07%3A20%3A39Z&ske=2024-03-03T07%3A20%3A39Z&sks=b&skv=2021-08-06&sig=UBWQYOkxpbKuQXdlBmXceqCuDBE517YtUdocCDY2ps8%3D,https://oaidalleapiprodscus.blob.core.windows.net/private/org-XsbS2SJ0y6rGde6yJBagVpWT/user-A4WpGwDF6YUHHn0rJoaDsjhh/img-yasFL1RuUSNlgGoR3QWPbhyy.png?st=2024-03-03T05%3A01%3A27Z&se=2024-03-03T07%3A01%3A27Z&sp=r&sv=2021-08-06&sr=b&rscd=inline&rsct=image/png&skoid=6aaadede-4fb3-4698-a8f6-684d7786b067&sktid=a48cca56-e6da-484e-a814-9c849652bcb3&skt=2024-03-02T07%3A20%3A39Z&ske=2024-03-03T07%3A20%3A39Z&sks=b&skv=2021-08-06&sig=UBWQYOkxpbKuQXdlBmXceqCuDBE517YtUdocCDY2ps8%3D,0,,The Vital Role of Statistical Significance in Data Analysis,"Explore the significance of statistical analysis in research. Learn how sample size, effect size, and practical significance impact study results. Take informed actions now!","Image alt text: ""Importance of statistical significance in data analysis and research, covering definition, sample size, effect size, variability, and practical significance.",Data Analytics,4 mins
