id,title,blog_picture_link,primary_keyword,other_keywords,funnel,minutes,date,reference
1,"The Ultimate Guide to Conducting a Website Audit: Steps, Tools, and Benefits",https://oaidalleapiprodscus.blob.core.windows.net/private/org-XsbS2SJ0y6rGde6yJBagVpWT/user-A4WpGwDF6YUHHn0rJoaDsjhh/img-W2RgqitrFntmqPe6pvYU373e.png?st=2024-02-06T00%3A22%3A42Z&se=2024-02-06T02%3A22%3A42Z&sp=r&sv=2021-08-06&sr=b&rscd=inline&rsct=image/png&skoid=6aaadede-4fb3-4698-a8f6-684d7786b067&sktid=a48cca56-e6da-484e-a814-9c849652bcb3&skt=2024-02-05T14%3A00%3A33Z&ske=2024-02-06T14%3A00%3A33Z&sks=b&skv=2021-08-06&sig=W1dyKMYdM2cLI1bGehBh8x95FZjOWd/7GqRWlVUtFqk%3D,website audit,"[""1. Conducting a website audit"", ""2. Steps to conduct a website audit"", ""3. Website design and layout"", ""4. Website content"", ""5. Website performance"", ""6. Website SEO"", ""7. Website analytics"", ""8. Website security"", ""9. Tools for website audits"", ""10. Benefits of a well-audited website""]",middle,1.8,2024-02-05,https://blog.hubspot.com/marketing/website-audit
2,The Ultimate Website Audit Checklist: A Comprehensive Guide to Optimizing Your Website,https://oaidalleapiprodscus.blob.core.windows.net/private/org-XsbS2SJ0y6rGde6yJBagVpWT/user-A4WpGwDF6YUHHn0rJoaDsjhh/img-hFYAVemj30ex8rzMpVur3FsC.png?st=2024-02-06T00%3A24%3A30Z&se=2024-02-06T02%3A24%3A30Z&sp=r&sv=2021-08-06&sr=b&rscd=inline&rsct=image/png&skoid=6aaadede-4fb3-4698-a8f6-684d7786b067&sktid=a48cca56-e6da-484e-a814-9c849652bcb3&skt=2024-02-05T13%3A47%3A54Z&ske=2024-02-06T13%3A47%3A54Z&sks=b&skv=2021-08-06&sig=g5SISRyEZztPj1X%2BXsZnAmxAT0CyWPf3LdAlXI6y1ac%3D,website audit checklist,"[""conducting a website audit"", ""benefits of conducting a website audit"", ""defining goals and objectives"", ""identifying key performance indicators (KPIs)"", ""gathering necessary data and resources"", ""website speed and performance"", ""website structure and navigation"", ""website security and data protection"", ""website compatibility and responsiveness"", ""website content quality and relevance""]",middle,1.39,2024-02-05,https://www.adcisolutions.com/knowledge/how-conduct-website-audit-beginners-guide
3,The Ultimate Guide to Conducting an Ecommerce Website Audit,https://oaidalleapiprodscus.blob.core.windows.net/private/org-XsbS2SJ0y6rGde6yJBagVpWT/user-A4WpGwDF6YUHHn0rJoaDsjhh/img-XFnfMWVwAxyzHilqtTnQ2RPE.png?st=2024-02-06T00%3A26%3A22Z&se=2024-02-06T02%3A26%3A22Z&sp=r&sv=2021-08-06&sr=b&rscd=inline&rsct=image/png&skoid=6aaadede-4fb3-4698-a8f6-684d7786b067&sktid=a48cca56-e6da-484e-a814-9c849652bcb3&skt=2024-02-05T14%3A52%3A21Z&ske=2024-02-06T14%3A52%3A21Z&sks=b&skv=2021-08-06&sig=jbyNwnR3OWIJYWVPU1apeTB1Kig2apcxMnymaOpEhUI%3D,Ecommerce Website Audit,"[""1. Conducting an eCommerce website audit"", ""2. Pre-Audit Preparation"", ""3. Setting clear goals and objectives"", ""4. Gathering necessary data and information"", ""5. Understanding the target audience and market"", ""6. Technical Audit"", ""7. Website performance and speed"", ""8. Mobile-friendliness and responsiveness"", ""9. Website structure and navigation"", ""10. URL structure and redirects""]",top,1.43,2024-02-05,https://www.semrush.com/blog/ecommerce-website-audit-pro/
4,The Ultimate Guide to Conducting an Ecommerce SEO Audit,https://oaidalleapiprodscus.blob.core.windows.net/private/org-XsbS2SJ0y6rGde6yJBagVpWT/user-A4WpGwDF6YUHHn0rJoaDsjhh/img-RHSZWrJOv17mOJchp3ODM1F2.png?st=2024-02-06T00%3A29%3A05Z&se=2024-02-06T02%3A29%3A05Z&sp=r&sv=2021-08-06&sr=b&rscd=inline&rsct=image/png&skoid=6aaadede-4fb3-4698-a8f6-684d7786b067&sktid=a48cca56-e6da-484e-a814-9c849652bcb3&skt=2024-02-05T14%3A54%3A55Z&ske=2024-02-06T14%3A54%3A55Z&sks=b&skv=2021-08-06&sig=HLRiI%2Biw7WMZ0NZKGsVl6hFTKeIkQuKLjVPgH1v7Y2U%3D,Ecommerce SEO Audit,"[""SEO audits"", ""E-commerce websites"", ""Regular SEO audits"", ""Technical SEO analysis"", ""On-page SEO analysis"", ""Off-page SEO analysis"", ""User experience analysis"", ""Competitor analysis"", ""Technical SEO"", ""On-page SEO""]",middle,2.33,2024-02-05,https://neilpatel.com/blog/e-commerce-seo-audits/
5,The Ultimate Guide to Conducting an Effective SEO SWOT Analysis,https://oaidalleapiprodscus.blob.core.windows.net/private/org-XsbS2SJ0y6rGde6yJBagVpWT/user-A4WpGwDF6YUHHn0rJoaDsjhh/img-kWrL3aPk80ujSBo5AX0AwYXh.png?st=2024-02-06T00%3A31%3A24Z&se=2024-02-06T02%3A31%3A24Z&sp=r&sv=2021-08-06&sr=b&rscd=inline&rsct=image/png&skoid=6aaadede-4fb3-4698-a8f6-684d7786b067&sktid=a48cca56-e6da-484e-a814-9c849652bcb3&skt=2024-02-05T13%3A53%3A00Z&ske=2024-02-06T13%3A53%3A00Z&sks=b&skv=2021-08-06&sig=AktRsvvrFxPNXLyWLk1M6j6s8/RU8MOFlLYtFy5tIeM%3D,SEO SWOT Analysis,"[""SWOT analysis"", ""SEO"", ""Strengths"", ""Weaknesses"", ""Opportunities"", ""Threats"", ""Website performance"", ""Content quality"", ""Technical SEO"", ""Competitor analysis""]",top,1.92,2024-02-05,https://www.searchenginejournal.com/seo-swot-analysis-how-to/395830/
6,"The Ultimate Guide to Conducting a Website Audit: Steps, Tools, and Benefits",https://oaidalleapiprodscus.blob.core.windows.net/private/org-XsbS2SJ0y6rGde6yJBagVpWT/user-A4WpGwDF6YUHHn0rJoaDsjhh/img-wXQlXmNnHi7wDfR8s7FQATV2.png?st=2024-02-06T02%3A06%3A51Z&se=2024-02-06T04%3A06%3A51Z&sp=r&sv=2021-08-06&sr=b&rscd=inline&rsct=image/png&skoid=6aaadede-4fb3-4698-a8f6-684d7786b067&sktid=a48cca56-e6da-484e-a814-9c849652bcb3&skt=2024-02-06T03%3A06%3A51Z&ske=2024-02-07T03%3A06%3A51Z&sks=b&skv=2021-08-06&sig=kYx%2BnKofbSDT9DlzLuVYzopZUoSqAJsCQW8L0jroI/8%3D,website audit,"[""1. Conducting a website audit"", ""2. Steps to conduct a website audit"", ""3. Website design and layout"", ""4. Website content"", ""5. Website performance"", ""6. Website SEO"", ""7. Website analytics and tracking"", ""8. Website security"", ""9. Tools for website audits"", ""10. Benefits of website audits""]",top,2.03,2024-02-05,https://blog.hubspot.com/marketing/website-audit
7,The Ultimate Website Audit Checklist: A Comprehensive Guide to Optimizing Your Online Presence,https://oaidalleapiprodscus.blob.core.windows.net/private/org-XsbS2SJ0y6rGde6yJBagVpWT/user-A4WpGwDF6YUHHn0rJoaDsjhh/img-Kp5UYuCY0h9yNvTVg4lBF6Js.png?st=2024-02-06T02%3A09%3A40Z&se=2024-02-06T04%3A09%3A40Z&sp=r&sv=2021-08-06&sr=b&rscd=inline&rsct=image/png&skoid=6aaadede-4fb3-4698-a8f6-684d7786b067&sktid=a48cca56-e6da-484e-a814-9c849652bcb3&skt=2024-02-06T03%3A09%3A40Z&ske=2024-02-07T03%3A09%3A40Z&sks=b&skv=2021-08-06&sig=TVJKfIm1v8GIcXvsBxKfDCStlOnJNUJzT5GaSl7vn1U%3D,website audit checklist,"[""website audit"", ""optimizing online presence"", ""conducting a website audit"", ""preparing for a website audit"", ""technical audit"", ""content audit"", ""SEO audit"", ""user experience audit"", ""analytics audit"", ""reporting and action plan""]",top,2.41,2024-02-05,https://www.adcisolutions.com/knowledge/how-conduct-website-audit-beginners-guide
8,The Ultimate Guide to Conducting an eCommerce Website Audit,https://oaidalleapiprodscus.blob.core.windows.net/private/org-XsbS2SJ0y6rGde6yJBagVpWT/user-A4WpGwDF6YUHHn0rJoaDsjhh/img-PBGuk5gG6szlIMyClDlgW7PW.png?st=2024-02-06T02%3A11%3A39Z&se=2024-02-06T04%3A11%3A39Z&sp=r&sv=2021-08-06&sr=b&rscd=inline&rsct=image/png&skoid=6aaadede-4fb3-4698-a8f6-684d7786b067&sktid=a48cca56-e6da-484e-a814-9c849652bcb3&skt=2024-02-06T03%3A11%3A39Z&ske=2024-02-07T03%3A11%3A39Z&sks=b&skv=2021-08-06&sig=eeB//kMWYhf845wzowlY75fXnKha94aKvTK4VtsSsOM%3D,Ecommerce Website Audit,"[""1. Conducting an eCommerce website audit"", ""2. Pre-Audit Preparation"", ""3. Technical Audit"", ""4. On-Page Audit"", ""5. Off-Page Audit"", ""6. User Experience Audit"", ""7. Conversion Rate Optimization Audit"", ""8. Analytics and Reporting"", ""9. Importance of website analytics tools"", ""10. Recommendations for implementing audit findings""]",middle,1.54,2024-02-05,https://www.semrush.com/blog/ecommerce-website-audit-pro/
9,The Ultimate Guide to Conducting an Ecommerce SEO Audit,https://oaidalleapiprodscus.blob.core.windows.net/private/org-XsbS2SJ0y6rGde6yJBagVpWT/user-A4WpGwDF6YUHHn0rJoaDsjhh/img-2bVCgG1AoAMEP5sXeGRpLTnE.png?st=2024-02-06T02%3A14%3A46Z&se=2024-02-06T04%3A14%3A46Z&sp=r&sv=2021-08-06&sr=b&rscd=inline&rsct=image/png&skoid=6aaadede-4fb3-4698-a8f6-684d7786b067&sktid=a48cca56-e6da-484e-a814-9c849652bcb3&skt=2024-02-06T03%3A08%3A17Z&ske=2024-02-07T03%3A08%3A17Z&sks=b&skv=2021-08-06&sig=/eT4peYFzN18dCLkxRpvbWN5gMMPnJb/%2BkhKk/pF7%2BA%3D,Ecommerce SEO Audit,"[""SEO audits"", ""E-commerce websites"", ""Regular SEO audits"", ""Technical SEO analysis"", ""On-page SEO analysis"", ""Off-page SEO analysis"", ""User experience analysis"", ""Competitor analysis"", ""Technical SEO"", ""On-page SEO""]",bottom,2.68,2024-02-05,https://neilpatel.com/blog/e-commerce-seo-audits/
10,The Ultimate Guide to Conducting an Effective SEO SWOT Analysis,https://oaidalleapiprodscus.blob.core.windows.net/private/org-XsbS2SJ0y6rGde6yJBagVpWT/user-A4WpGwDF6YUHHn0rJoaDsjhh/img-35iaWDdqVT2fWHiIH4wYxdGP.png?st=2024-02-06T02%3A17%3A09Z&se=2024-02-06T04%3A17%3A09Z&sp=r&sv=2021-08-06&sr=b&rscd=inline&rsct=image/png&skoid=6aaadede-4fb3-4698-a8f6-684d7786b067&sktid=a48cca56-e6da-484e-a814-9c849652bcb3&skt=2024-02-06T03%3A12%3A24Z&ske=2024-02-07T03%3A12%3A24Z&sks=b&skv=2021-08-06&sig=xNfCfoIv0XkdKVlzkAJYq6uhexqI1jBVlpi4b1zkeWA%3D,SEO SWOT Analysis,"[""SWOT analysis"", ""SEO"", ""Strengths"", ""Weaknesses"", ""Opportunities"", ""Threats"", ""Website performance"", ""Content quality"", ""Technical SEO"", ""Competitor analysis""]",middle,1.98,2024-02-05,https://www.searchenginejournal.com/seo-swot-analysis-how-to/395830/
